City,Cloudiness,Country,DateTime,Humidity,Lat,Lng,Max Temp,Wind Speed
Ushuaia,75,AR,2020-01-27 02:21:31,70,-54.8,-68.3,48.2,5.82
Yerbogachen,90,RU,2020-01-27 02:21:32,91,61.28,108.01,2.48,11.9
Hobart,75,AU,2020-01-27 02:20:17,42,-42.88,147.33,69.01,12.75
Port Alfred,18,ZA,2020-01-27 02:21:34,76,-33.59,26.89,62.01,5.99
Yellowknife,90,CA,2020-01-27 02:21:35,84,62.46,-114.35,1.4,6.93
Chuy,39,UY,2020-01-27 02:20:58,92,-33.7,-53.46,71.33,8.14
Bethel,90,US,2020-01-27 02:21:37,64,41.37,-73.41,42.8,4.7
Avarua,100,CK,2020-01-27 02:21:13,94,-21.21,-159.78,77.0,8.05
Payson,90,US,2020-01-27 02:21:40,73,40.04,-111.73,39.99,4.7
Den Helder,90,NL,2020-01-27 02:21:41,93,52.96,4.76,46.99,26.4
Bluff,49,NZ,2020-01-27 02:21:42,67,-46.6,168.33,64.99,10.0
Cabo San Lucas,20,MX,2020-01-27 02:21:43,77,22.89,-109.91,69.01,8.05
Crotone,100,IT,2020-01-27 02:21:45,62,39.09,17.12,51.51,7.14
Orsha,98,BY,2020-01-27 02:21:46,88,54.52,30.41,32.52,9.17
Punta Arenas,90,CL,2020-01-27 02:19:12,66,-53.15,-70.92,51.8,13.87
Byron Bay,87,AU,2020-01-27 02:21:48,65,-28.65,153.62,91.0,17.22
New Norfolk,75,AU,2020-01-27 02:21:49,42,-42.78,147.06,69.01,12.75
Albany,90,US,2020-01-27 02:17:34,64,42.6,-73.97,39.2,5.19
Rikitea,14,PF,2020-01-27 02:21:51,79,-23.12,-134.97,79.34,11.39
Hami,0,CN,2020-01-27 02:21:52,63,42.8,93.45,12.7,1.74
Saint-Georges,20,GD,2020-01-27 02:21:54,83,12.06,-61.75,77.0,5.82
Melito Di Porto Salvo,40,IT,2020-01-27 02:21:55,87,37.92,15.77,57.0,3.36
Yar-Sale,98,RU,2020-01-27 02:21:56,99,66.83,70.83,-10.37,2.57
Vaini,40,TO,2020-01-27 02:21:57,79,-21.2,-175.2,86.0,8.05
Norman Wells,75,CA,2020-01-27 02:21:58,69,65.28,-126.83,-13.0,17.22
Pevek,100,RU,2020-01-27 02:21:59,94,69.7,170.31,-5.13,1.63
Broken Hill,0,AU,2020-01-27 02:22:01,19,-31.95,141.43,91.4,11.41
Taganak,40,PH,2020-01-27 02:22:02,88,6.08,118.3,82.4,1.12
Khvoynaya,57,RU,2020-01-27 02:21:03,89,58.9,34.53,18.25,3.4
Touros,40,BR,2020-01-27 02:22:05,88,-5.2,-35.46,80.6,3.36
Castro,0,BR,2020-01-27 02:22:06,94,-24.79,-50.01,63.45,3.09
Butaritari,100,KI,2020-01-27 02:22:07,81,3.07,172.79,81.86,12.86
Geraldton,0,AU,2020-01-27 02:22:08,36,-28.77,114.6,93.2,8.05
Bloomington,90,US,2020-01-27 02:19:50,92,44.84,-93.3,28.99,5.82
Souillac,75,MU,2020-01-27 02:22:10,83,-20.52,57.52,77.0,11.41
Cape Town,20,ZA,2020-01-27 02:20:02,87,-33.93,18.42,61.0,5.82
Qaanaaq,0,GL,2020-01-27 02:22:13,53,77.48,-69.36,-10.32,4.09
Mar Del Plata,0,AR,2020-01-27 02:18:43,51,-38.0,-57.56,62.6,23.04
Busselton,0,AU,2020-01-27 02:22:15,16,-33.65,115.33,95.0,5.37
Richards Bay,100,ZA,2020-01-27 02:22:16,75,-28.78,32.04,74.88,34.31
Luderitz,0,NA,2020-01-27 02:22:17,55,-26.65,15.16,66.2,17.22
Svetlaya,0,RU,2020-01-27 02:22:18,61,46.54,138.33,18.19,2.48
Nikolskoye,20,RU,2020-01-27 02:22:19,68,59.7,30.79,28.4,8.95
Luquillo,90,PR,2020-01-27 02:22:20,74,18.37,-65.72,73.4,5.82
Nanding,100,CN,2020-01-27 02:22:22,75,36.75,118.06,37.0,4.85
Hilo,75,US,2020-01-27 02:21:13,65,19.73,-155.09,78.8,11.41
Klaksvik,94,FO,2020-01-27 02:22:07,63,62.23,-6.59,39.2,21.92
Jamestown,90,US,2020-01-27 02:20:25,92,42.1,-79.24,33.01,11.41
Copiapo,0,CL,2020-01-27 02:22:26,82,-27.37,-70.33,66.2,8.05
Tuktoyaktuk,90,CA,2020-01-27 02:22:27,75,69.45,-133.04,-18.4,6.93
Hasaki,75,JP,2020-01-27 02:22:28,70,35.73,140.83,44.6,4.7
Altay,94,CN,2020-01-27 02:19:53,87,47.87,88.12,12.88,3.51
Cherskiy,86,RU,2020-01-27 02:22:31,87,68.75,161.3,-23.78,1.48
Chernyshevskiy,97,RU,2020-01-27 02:22:32,94,63.01,112.47,0.72,8.43
Oshnaviyeh,0,IR,2020-01-27 02:22:33,78,37.04,45.1,12.2,6.93
Khatanga,93,RU,2020-01-27 02:22:34,98,71.97,102.5,-20.96,1.25
Verkhnechusovskiye Gorodki,100,RU,2020-01-27 02:22:35,96,58.17,57.11,1.53,6.15
Bilibino,3,RU,2020-01-27 02:22:36,93,68.05,166.44,-9.35,2.91
Guadix,0,ES,2020-01-27 02:22:37,88,37.3,-3.14,39.99,2.24
Gorontalo,76,ID,2020-01-27 02:22:39,66,0.54,123.06,86.59,5.37
Kangaatsiaq,100,GL,2020-01-27 02:22:40,90,68.31,-53.46,8.65,20.18
San Patricio,40,MX,2020-01-27 02:22:42,69,19.22,-104.7,78.8,6.93
Hermanus,77,ZA,2020-01-27 02:15:34,96,-34.42,19.23,59.0,7.16
Hofn,87,IS,2020-01-27 02:22:44,64,64.25,-15.21,39.74,23.09
Galle,100,LK,2020-01-27 02:22:45,78,6.04,80.22,79.03,3.58
Kununurra,75,AU,2020-01-27 02:22:46,59,-15.77,128.73,93.2,4.7
Plettenberg Bay,28,ZA,2020-01-27 02:22:48,79,-34.05,23.37,57.58,8.84
Surgut,90,RU,2020-01-27 02:22:49,84,61.25,73.42,-0.4,11.18
Ojinaga,1,MX,2020-01-27 02:22:50,38,29.57,-104.42,60.8,6.93
Vestmannaeyjar,74,IS,2020-01-27 02:22:51,74,63.44,-20.27,38.35,26.51
Upernavik,86,GL,2020-01-27 02:22:52,94,72.79,-56.15,-16.42,4.63
Pisco,56,PE,2020-01-27 02:22:53,88,-13.7,-76.22,73.0,20.8
Kavieng,7,PG,2020-01-27 02:22:55,72,-2.57,150.8,85.12,10.85
Nantucket,1,US,2020-01-27 02:21:33,86,41.28,-70.1,37.99,9.17
Guerrero Negro,20,MX,2020-01-27 02:22:57,86,27.98,-114.06,59.74,14.25
Longyearbyen,21,SJ,2020-01-27 02:22:58,71,78.22,15.64,3.2,3.36
Black River,20,JM,2020-01-27 02:22:59,69,18.03,-77.85,77.0,3.36
Port Elizabeth,17,ZA,2020-01-27 02:20:04,72,-33.92,25.57,60.8,12.75
Yamada,34,JP,2020-01-27 02:23:02,43,39.47,141.95,38.57,3.76
Dikson,99,RU,2020-01-27 02:23:04,96,73.51,80.55,-5.22,3.65
Champerico,1,GT,2020-01-27 02:23:05,79,14.3,-91.92,75.67,5.06
Balakhta,0,RU,2020-01-27 02:23:06,84,55.38,91.6,1.06,3.31
Victoria,20,HK,2020-01-27 02:20:38,62,22.29,114.16,57.0,12.75
Arlit,100,NE,2020-01-27 02:23:08,9,18.74,7.39,65.37,6.46
Denia,0,ES,2020-01-27 02:23:09,61,38.84,0.11,55.0,4.0
Mataura,76,NZ,2020-01-27 02:15:56,70,-46.19,168.86,64.99,10.0
Faanui,45,PF,2020-01-27 02:23:13,71,-16.48,-151.75,83.64,10.02
Hithadhoo,100,MV,2020-01-27 02:23:14,82,-0.6,73.08,81.75,13.02
Kota Belud,75,MY,2020-01-27 02:23:15,75,6.35,116.43,89.6,5.82
Bambous Virieux,75,MU,2020-01-27 02:19:21,83,-20.34,57.76,77.0,11.41
Berlevag,100,NO,2020-01-27 02:23:17,65,70.86,29.09,22.14,12.68
Vila Velha,20,BR,2020-01-27 02:23:18,94,-20.33,-40.29,73.99,2.24
Georgetown,20,MY,2020-01-27 02:22:49,74,5.41,100.34,84.2,8.05
Pindwara,0,IN,2020-01-27 02:23:21,42,24.8,73.07,63.46,4.36
Francistown,80,BW,2020-01-27 02:23:22,39,-21.17,27.51,77.2,5.86
Billings,20,US,2020-01-27 02:23:23,51,45.78,-108.5,39.2,5.82
Sitka,90,US,2020-01-27 02:23:25,75,57.05,-135.33,42.8,11.41
Coromandel,82,BR,2020-01-27 02:23:26,94,-18.47,-47.2,66.81,2.48
Kapaa,1,US,2020-01-27 02:23:27,74,22.08,-159.32,80.6,8.05
Lazaro Cardenas,0,MX,2020-01-27 02:23:28,76,17.96,-102.2,73.27,1.01
Tuatapere,91,NZ,2020-01-27 02:23:29,67,-46.13,167.68,64.99,10.0
Belousovka,75,KZ,2020-01-27 02:23:30,92,50.13,82.52,21.2,17.9
Agadez,100,NE,2020-01-27 02:23:31,14,19.75,10.25,56.7,2.57
Nha Trang,20,VN,2020-01-27 02:20:39,74,12.25,109.18,80.6,5.82
Saskylakh,99,RU,2020-01-27 02:23:35,97,71.92,114.08,-19.07,6.22
Puerto Carreno,100,CO,2020-01-27 02:23:36,58,6.19,-67.49,86.0,9.17
San Andres,20,CO,2020-01-27 02:19:37,74,12.58,-81.7,78.8,4.7
Humen,40,CN,2020-01-27 02:23:38,58,22.82,113.67,57.0,17.9
Comodoro Rivadavia,67,AR,2020-01-27 02:18:57,48,-45.87,-67.5,64.4,2.24
Puerto Ayora,100,EC,2020-01-27 02:23:40,35,-0.74,-90.35,75.0,1.01
Semirom,0,IR,2020-01-27 02:23:41,29,31.42,51.57,14.97,1.88
Urdoma,100,RU,2020-01-27 02:19:05,98,61.75,48.54,-2.99,2.64
Ambon,20,ID,2020-01-27 02:23:45,62,-3.7,128.18,89.6,9.17
Kokoda,100,PG,2020-01-27 02:23:46,80,-8.88,147.74,71.62,6.46
Kaitangata,81,NZ,2020-01-27 02:23:47,66,-46.28,169.85,69.01,7.23
Thompson,20,CA,2020-01-27 02:22:57,84,55.74,-97.86,-2.2,0.98
Ishigaki,75,JP,2020-01-27 02:23:49,72,24.34,124.16,68.0,18.34
Hervey Bay,90,AU,2020-01-27 02:20:44,69,-25.3,152.85,84.99,10.29
Sao Felix Do Xingu,88,BR,2020-01-27 02:23:51,96,-6.64,-51.99,73.71,0.63
Constitucion,11,CL,2020-01-27 02:23:54,71,-35.33,-72.42,62.73,7.27
Chitral,33,PK,2020-01-27 02:23:55,40,35.85,71.79,1.49,8.61
Avera,90,US,2020-01-27 02:23:56,57,33.19,-82.53,53.6,3.36
Manga,58,BF,2020-01-27 02:23:57,10,11.66,-1.07,69.06,9.75
Port Hardy,90,CA,2020-01-27 02:23:58,93,50.7,-127.42,42.8,6.93
Erenhot,100,CN,2020-01-27 02:23:59,81,43.65,111.98,21.0,7.99
Takoradi,14,GH,2020-01-27 02:24:00,86,4.88,-1.76,74.28,1.7
Tulsipur,0,NP,2020-01-27 02:24:01,76,28.13,82.3,55.99,2.8
Atuona,67,PF,2020-01-27 02:15:35,70,-9.8,-139.03,81.25,8.68
Alyangula,100,AU,2020-01-27 02:24:05,66,-13.85,136.42,91.4,10.29
Fairbanks,100,US,2020-01-27 02:24:06,74,64.84,-147.72,-14.01,2.26
Bengkulu,99,ID,2020-01-27 02:24:07,62,-3.8,102.27,85.35,2.86
Voyvozh,100,RU,2020-01-27 02:24:08,98,62.89,54.96,-4.68,3.44
Poronaysk,0,RU,2020-01-27 02:24:09,66,49.22,143.12,10.63,1.88
Balabac,5,PH,2020-01-27 02:24:10,70,7.99,117.06,84.31,7.29
Zhezkazgan,84,KZ,2020-01-27 02:24:12,91,47.8,67.71,19.58,12.71
Nishihara,75,JP,2020-01-27 02:24:13,73,26.18,127.76,71.6,23.04
Sao Filipe,0,CV,2020-01-27 02:24:14,65,14.9,-24.5,73.15,10.83
Olinda,40,BR,2020-01-27 02:24:16,78,-8.01,-34.86,82.4,5.82
Barmer,0,IN,2020-01-27 02:24:17,38,25.75,71.38,66.27,4.52
Resistencia,89,AR,2020-01-27 02:24:18,100,-27.46,-58.98,82.99,11.41
Khani,1,GE,2020-01-27 02:24:19,92,41.96,42.96,28.4,3.36
Mount Isa,90,AU,2020-01-27 02:24:20,70,-20.73,139.5,84.2,8.05
Arraial Do Cabo,1,BR,2020-01-27 02:23:49,79,-22.97,-42.03,75.49,11.5
Chatakonda,0,IN,2020-01-27 02:24:23,53,17.55,80.65,73.47,3.22
Ambulu,61,ID,2020-01-27 02:24:24,76,-8.35,113.61,81.99,3.36
Weligama,96,LK,2020-01-27 02:24:25,74,5.97,80.42,77.61,4.61
North Bend,90,US,2020-01-27 02:24:26,93,43.41,-124.22,51.01,13.87
Ayorou,28,NE,2020-01-27 02:24:27,9,14.73,0.92,67.26,10.13
Tanout,0,NE,2020-01-27 02:24:28,13,14.97,8.89,58.48,12.59
Aklavik,90,CA,2020-01-27 02:22:03,68,68.22,-135.01,-18.4,5.82
Saldanha,12,ZA,2020-01-27 02:24:31,82,-33.01,17.94,55.4,5.82
Lagoa,100,PT,2020-01-27 02:24:32,86,39.05,-27.98,61.75,16.8
Nanortalik,99,GL,2020-01-27 02:24:33,74,60.14,-45.24,22.75,19.62
Bakchar,100,RU,2020-01-27 02:24:34,86,57.02,82.07,14.23,14.36
Rexburg,90,US,2020-01-27 02:24:35,100,43.83,-111.79,35.6,2.13
Inhambane,0,MZ,2020-01-27 02:24:36,81,-23.86,35.38,77.4,9.98
East London,11,ZA,2020-01-27 02:15:34,69,-33.02,27.91,64.13,20.07
Pangkalanbuun,96,ID,2020-01-27 02:24:39,64,-2.68,111.62,88.75,1.57
Carnarvon,0,AU,2020-01-27 02:24:40,83,-24.87,113.63,80.6,14.99
Thinadhoo,100,MV,2020-01-27 02:24:41,77,0.53,72.93,81.77,10.8
Kargil,0,IN,2020-01-27 02:24:42,55,34.57,76.1,-17.52,1.14
Ponta Do Sol,20,PT,2020-01-27 02:15:34,72,32.67,-17.1,59.0,6.93
Novikovo,100,RU,2020-01-27 02:24:45,86,51.15,37.89,30.87,11.9
Lasa,40,IT,2020-01-27 02:24:46,86,46.62,10.7,32.0,4.7
Salta,40,AR,2020-01-27 02:24:47,83,-24.79,-65.41,73.4,10.29
Quatre Cocos,75,MU,2020-01-27 02:24:48,83,-20.21,57.76,77.0,11.41
Kovdor,100,RU,2020-01-27 02:24:49,98,67.57,30.48,-2.63,2.75
Severo-Kurilsk,89,RU,2020-01-27 02:24:51,88,50.68,156.12,22.35,11.21
Bredasdorp,67,ZA,2020-01-27 02:24:52,76,-34.53,20.04,55.4,2.24
Vardo,100,NO,2020-01-27 02:22:18,67,70.37,31.11,21.38,15.66
Cidreira,74,BR,2020-01-27 02:24:54,76,-30.18,-50.21,77.43,18.45
Palana,100,RU,2020-01-27 02:24:55,74,59.12,159.97,24.84,8.19
Te Anau,100,NZ,2020-01-27 02:24:56,86,-45.42,167.72,59.49,4.9
Padang,84,ID,2020-01-27 02:20:27,81,-0.95,100.35,78.48,2.01
Mahebourg,75,MU,2020-01-27 02:24:59,83,-20.41,57.7,77.0,11.41
La Ronge,90,CA,2020-01-27 02:25:00,92,55.1,-105.28,21.2,4.7
Inirida,100,CO,2020-01-27 02:25:01,74,3.87,-67.92,78.12,1.12
Tasiilaq,100,GL,2020-01-27 02:25:02,50,65.61,-37.64,28.4,3.36
Bereda,75,ES,2020-01-27 02:25:03,93,43.27,-7.54,54.0,4.7
Eenhana,95,NA,2020-01-27 02:25:04,78,-17.47,16.33,73.4,6.93
Clyde River,1,CA,2020-01-27 02:15:34,67,70.47,-68.59,-23.8,5.82
Bichura,100,RU,2020-01-27 02:25:07,80,50.59,107.6,9.12,1.16
Makakilo City,1,US,2020-01-27 02:25:08,48,21.35,-158.09,84.2,6.93
Ueki,75,JP,2020-01-27 02:25:09,71,32.9,130.68,57.2,9.17
Provideniya,0,RU,2020-01-27 02:22:16,76,64.38,-173.3,-5.8,4.47
San Policarpo,0,PH,2020-01-27 02:25:11,72,12.18,125.51,83.37,4.81
Beringovskiy,100,RU,2020-01-27 02:25:12,91,63.05,179.32,14.68,0.51
Golubitskaya,40,RU,2020-01-27 02:25:14,93,45.32,37.28,41.0,8.95
Tchibanga,100,GA,2020-01-27 02:25:15,94,-2.85,11.03,74.3,0.16
Alofi,100,NU,2020-01-27 02:25:16,79,-19.06,-169.92,84.2,8.05
Boone,90,US,2020-01-27 02:25:17,100,39.03,-92.33,34.0,9.17
Christchurch,22,NZ,2020-01-27 02:21:25,42,-43.53,172.63,86.0,8.05
Mahibadhoo,97,MV,2020-01-27 02:25:20,76,3.78,72.97,80.65,8.19
Chokurdakh,98,RU,2020-01-27 02:25:22,96,70.63,147.92,-26.28,4.59
Poum,0,NC,2020-01-27 02:25:23,78,-20.23,164.02,79.68,24.2
Margate,75,GB,2020-01-27 02:21:14,93,51.38,1.39,48.2,11.41
Zhuanghe,100,CN,2020-01-27 02:25:26,36,39.7,122.99,45.0,1.99
Lebu,3,CL,2020-01-27 02:25:27,60,-37.62,-73.65,57.61,7.78
Sungaipenuh,100,ID,2020-01-27 02:25:28,75,-2.08,101.38,75.43,0.85
Palkino,100,RU,2020-01-27 02:25:29,93,57.54,28.01,39.2,6.71
Khandbari,62,NP,2020-01-27 02:25:31,81,27.37,87.2,34.99,2.3
Pangnirtung,100,CA,2020-01-27 02:25:32,99,66.15,-65.71,-38.47,1.97
Biak,76,ID,2020-01-27 02:25:33,77,-0.91,122.88,82.22,2.17
Barinas,13,VE,2020-01-27 02:25:34,55,8.62,-70.21,80.64,3.85
Ca Mau,5,VN,2020-01-27 02:25:35,45,9.18,105.15,88.07,7.27
Fairview,1,US,2020-01-27 02:25:37,60,40.81,-74.0,43.0,7.49
Sungai Petani,20,MY,2020-01-27 02:25:38,74,5.65,100.49,84.2,8.05
Havre-Saint-Pierre,90,CA,2020-01-27 02:22:51,100,50.23,-63.6,26.6,17.22
Qiongshan,90,CN,2020-01-27 02:25:40,87,20.01,110.35,59.0,6.71
Leshukonskoye,100,RU,2020-01-27 02:25:41,96,64.9,45.76,-5.78,6.02
Naze,40,JP,2020-01-27 02:25:42,73,28.37,129.48,75.2,17.22
Saint-Denis,100,FR,2020-01-27 02:25:43,87,48.92,2.33,48.99,12.75
Turukhansk,100,RU,2020-01-27 02:25:45,94,65.82,87.98,3.2,8.19
Tacuarembo,99,UY,2020-01-27 02:23:26,39,-31.73,-55.98,74.1,6.73
Tiarei,20,PF,2020-01-27 02:25:47,59,-17.53,-149.33,89.6,9.17
Kodiak,75,US,2020-01-27 02:25:48,61,57.79,-152.41,15.8,6.93
Nemuro,40,JP,2020-01-27 02:25:49,73,43.32,145.57,24.8,6.93
Saint-Philippe,90,RE,2020-01-27 02:25:51,69,-21.36,55.77,73.4,10.29
Lompoc,75,US,2020-01-27 02:23:35,93,34.64,-120.46,59.0,17.22
Ottumwa,90,US,2020-01-27 02:25:53,92,41.02,-92.41,32.0,5.82
Tessalit,100,ML,2020-01-27 02:25:54,11,20.2,1.01,65.75,4.65
Ayan,98,RU,2020-01-27 02:25:55,65,56.45,138.17,7.02,4.14
Myitkyina,0,MM,2020-01-27 02:25:56,37,25.38,97.4,61.05,2.39
Rawson,0,AR,2020-01-27 02:25:57,57,-43.3,-65.1,59.9,10.09
Hualmay,100,PE,2020-01-27 02:25:58,82,-11.1,-77.61,71.08,4.88
Vydrino,95,RU,2020-01-27 02:26:00,87,51.48,104.85,20.48,0.76
Javanrud,0,IR,2020-01-27 02:26:01,56,34.8,46.52,20.77,3.74
Egvekinot,92,RU,2020-01-27 02:26:02,73,66.32,-179.17,-3.68,2.59
Grindavik,75,IS,2020-01-27 02:26:03,70,63.84,-22.43,32.0,13.87
Krizevci,90,HR,2020-01-27 02:26:04,90,46.02,16.54,35.01,3.36
Mao,0,ES,2020-01-27 02:26:05,93,39.89,4.27,48.2,4.7
Brae,57,GB,2020-01-27 02:26:07,80,60.4,-1.35,41.0,10.29
Magadan,100,RU,2020-01-27 02:26:08,79,59.57,150.8,11.61,16.98
Fairlie,100,GB,2020-01-27 02:26:09,86,55.76,-4.86,41.0,13.87
Sakaiminato,75,JP,2020-01-27 02:26:10,81,35.55,133.23,48.2,20.8
Half Moon Bay,20,US,2020-01-27 02:26:11,87,37.46,-122.43,55.99,9.17
Cangucu,100,BR,2020-01-27 02:26:12,87,-31.39,-52.68,77.0,1.01
Krasnyy Kholm,58,RU,2020-01-27 02:26:13,92,58.06,37.12,20.12,8.75
Bathsheba,40,BB,2020-01-27 02:26:14,74,13.22,-59.52,78.8,11.41
Zhigansk,0,RU,2020-01-27 02:26:16,61,66.77,123.37,-29.0,2.44
Vila Franca Do Campo,40,PT,2020-01-27 02:26:17,88,37.72,-25.43,62.6,18.34
Bandarbeyla,26,SO,2020-01-27 02:26:18,76,9.49,50.81,78.93,26.44
Taoudenni,100,ML,2020-01-27 02:26:19,24,22.68,-3.98,69.62,5.46
Bosaso,14,SO,2020-01-27 02:26:20,76,11.28,49.18,77.61,18.23
Muzhi,100,RU,2020-01-27 02:26:21,99,65.37,64.67,-10.98,5.39
Coquimbo,0,CL,2020-01-27 02:26:22,88,-29.95,-71.34,64.4,2.24
Haines Junction,100,CA,2020-01-27 02:26:24,97,60.75,-137.51,1.58,1.92
Portsmouth,83,GB,2020-01-27 02:26:25,93,50.8,-1.09,48.0,14.99
San Jose,75,US,2020-01-27 02:21:37,71,37.34,-121.89,57.2,5.82
Kempele,100,FI,2020-01-27 02:26:27,84,64.92,25.58,-0.4,4.7
Mogadishu,100,SO,2020-01-27 02:26:28,80,2.04,45.34,81.27,21.27
Necochea,0,AR,2020-01-27 02:26:30,62,-38.55,-58.74,60.01,10.0
Peleduy,0,RU,2020-01-27 02:26:31,89,59.63,112.74,8.11,8.43
Abbeyfeale,40,IE,2020-01-27 02:26:32,80,52.38,-9.3,39.2,14.99
Namibe,73,AO,2020-01-27 02:26:33,74,-15.2,12.15,74.48,7.25
Belaya Gora,89,RU,2020-01-27 02:26:34,92,68.53,146.42,-32.19,2.26
Portland,90,US,2020-01-27 02:24:06,71,45.52,-122.68,52.0,9.17
Vanimo,93,PG,2020-01-27 02:26:36,78,-2.67,141.3,83.39,15.84
Cody,75,US,2020-01-27 02:26:38,51,44.53,-109.06,35.6,0.51
Banda Aceh,68,ID,2020-01-27 02:26:39,63,5.56,95.32,83.3,5.59
Isla Mujeres,40,MX,2020-01-27 02:26:40,83,21.23,-86.73,75.2,12.3
Ahuimanu,40,US,2020-01-27 02:26:41,65,21.44,-157.84,84.2,10.29
Nouadhibou,0,MR,2020-01-27 02:26:42,67,20.93,-17.03,62.6,16.11
Turbat,83,PK,2020-01-27 02:26:43,52,26.0,63.04,59.97,9.17
Talnakh,100,RU,2020-01-27 02:26:44,77,69.49,88.4,-0.4,17.9
Kalmunai,100,LK,2020-01-27 02:26:46,65,7.42,81.82,79.77,11.65
Ingham,90,US,2020-01-27 02:26:47,97,42.6,-84.38,34.0,9.17
Soubre,72,CI,2020-01-27 02:26:48,97,5.79,-6.61,74.01,2.24
Sidi Bin Nur,0,TN,2020-01-27 02:26:49,81,35.53,10.92,55.99,3.36
Visnes,100,NO,2020-01-27 02:26:50,93,59.36,5.22,45.0,17.22
Cedar City,90,US,2020-01-27 02:26:51,45,37.68,-113.06,46.4,9.17
Rovaniemi,100,FI,2020-01-27 02:26:52,83,66.5,25.72,-5.8,8.05
Adrar,16,MR,2020-01-27 02:26:53,26,20.5,-10.07,65.73,10.58
Dzilam Gonzalez,0,MX,2020-01-27 02:26:55,79,21.28,-88.93,75.45,14.97
Nan,20,TH,2020-01-27 02:26:56,87,18.83,100.67,55.4,2.33
Hulan,0,CN,2020-01-27 02:26:57,52,45.98,126.6,32.0,6.71
Yarim,75,YE,2020-01-27 02:26:58,73,14.3,44.38,45.73,5.82
Amazar,36,RU,2020-01-27 02:27:00,89,53.86,120.88,1.92,1.28
Vanavara,86,RU,2020-01-27 02:27:01,99,60.34,102.28,-0.6,4.63
Ucluelet,90,CA,2020-01-27 02:22:41,100,48.93,-125.55,48.0,17.22
Codrington,89,AU,2020-01-27 02:27:03,74,-38.27,141.97,60.98,12.66
Pegnitz,90,DE,2020-01-27 02:27:04,100,49.76,11.54,35.01,3.36
Xining,0,CN,2020-01-27 02:27:06,65,36.62,101.77,13.91,4.65
Basco,100,PH,2020-01-27 02:27:07,83,20.45,121.97,74.71,16.06
Clyde,90,US,2020-01-27 02:25:46,97,41.3,-82.98,34.0,12.75
Cap Malheureux,75,MU,2020-01-27 02:27:09,83,-19.98,57.61,77.0,11.41
Caravelas,100,BR,2020-01-27 02:27:10,85,-17.71,-39.25,78.84,8.12
Micheweni,67,TZ,2020-01-27 02:27:12,82,-4.97,39.83,81.19,4.09
Salamiyah,0,SY,2020-01-27 02:27:13,90,35.01,37.05,41.02,6.22
Saint George,90,US,2020-01-27 02:27:14,43,37.1,-113.58,55.4,2.68
Paita,64,PE,2020-01-27 02:27:15,76,-5.09,-81.11,76.42,11.72
Ibra,0,OM,2020-01-27 02:27:17,47,22.69,58.53,55.44,9.64
Samana,17,DO,2020-01-27 02:24:50,89,19.21,-69.34,66.76,1.21
Westlock,90,CA,2020-01-27 02:27:19,92,54.15,-113.87,24.01,10.29
Simao,0,CN,2020-01-27 02:27:20,44,22.79,100.97,58.84,3.62
Linjiang,100,CN,2020-01-27 02:27:21,65,41.81,126.91,25.65,2.15
Vostok,0,RU,2020-01-27 02:27:22,80,46.49,135.88,16.41,3.27
Faya,0,SA,2020-01-27 02:25:38,48,18.39,42.45,41.0,4.0
Nhulunbuy,40,AU,2020-01-27 02:25:17,88,-12.23,136.77,78.8,11.41
Stillwater,1,US,2020-01-27 02:27:26,75,36.12,-97.06,48.99,5.82
Acarau,100,BR,2020-01-27 02:27:27,94,-2.89,-40.12,76.64,4.0
Machali,0,CL,2020-01-27 02:27:28,54,-34.18,-70.67,59.41,2.46
Mananjary,91,MG,2020-01-27 02:27:29,82,-21.22,48.33,73.29,5.64
Aasiaat,100,GL,2020-01-27 02:27:31,94,68.71,-52.87,6.87,10.27
Saint-Joseph,90,RE,2020-01-27 02:27:32,69,-21.37,55.62,73.4,10.29
Doka,0,SD,2020-01-27 02:27:33,56,13.52,35.77,55.63,8.32
Baneh,0,IR,2020-01-27 02:27:34,56,36.0,45.89,17.76,6.51
Praia Da Vitoria,90,PT,2020-01-27 02:27:35,100,38.73,-27.07,62.6,26.82
Giddalur,0,IN,2020-01-27 02:27:37,63,15.35,78.92,73.26,1.32
Buala,95,SB,2020-01-27 02:27:38,67,-8.14,159.59,86.92,7.7
Aviles,75,ES,2020-01-27 02:24:40,58,43.55,-5.92,57.2,4.7
Ilhabela,0,BR,2020-01-27 02:23:20,78,-23.78,-45.36,75.42,15.35
Jalingo,0,NG,2020-01-27 02:27:41,15,8.88,11.37,67.41,6.26
Sisimiut,100,GL,2020-01-27 02:27:42,93,66.94,-53.67,0.25,5.28
Colares,75,PT,2020-01-27 02:27:43,93,38.8,-9.45,57.99,5.82
Douglas,1,US,2020-01-27 02:27:45,80,41.3,-96.17,37.0,5.84
Makat,0,KZ,2020-01-27 02:27:46,90,47.65,53.35,24.03,12.08
Cairns,100,AU,2020-01-27 02:27:47,79,-16.92,145.77,90.0,6.93
Novoagansk,99,RU,2020-01-27 02:27:48,94,61.94,76.66,8.47,12.68
Laguna,1,US,2020-01-27 02:27:49,82,38.42,-121.42,59.0,8.05
Barrow,20,US,2020-01-27 02:27:50,82,71.29,-156.79,-25.6,8.05
Grants,1,US,2020-01-27 02:26:20,56,35.15,-107.85,41.0,10.29
Pangody,84,RU,2020-01-27 02:27:53,97,65.85,74.49,-5.94,6.44
Dzhebariki-Khaya,56,RU,2020-01-27 02:27:54,82,62.22,135.8,-31.13,2.19
Coihaique,100,CL,2020-01-27 02:23:26,47,-45.58,-72.07,59.0,11.41
Karratha,0,AU,2020-01-27 02:27:56,57,-20.74,116.85,91.0,8.46
Mackay,75,AU,2020-01-27 02:27:57,83,-21.15,149.2,82.4,9.17
Kiunga,16,PG,2020-01-27 02:27:58,47,-6.12,141.29,96.62,1.88
Prince Rupert,90,CA,2020-01-27 02:28:00,87,54.32,-130.32,42.8,13.87
Berezovyy,62,RU,2020-01-27 02:28:01,56,51.67,135.7,8.02,5.03
Petropavlovsk-Kamchatskiy,75,RU,2020-01-27 02:28:02,68,53.05,158.65,30.2,4.47
Mpongwe,91,ZM,2020-01-27 02:28:03,97,-13.51,28.16,62.82,1.79
Seymchan,100,RU,2020-01-27 02:28:04,90,62.88,152.43,-22.27,4.12
Batagay-Alyta,0,RU,2020-01-27 02:28:06,43,67.8,130.41,-30.5,4.76
Chichimila,0,MX,2020-01-27 02:28:07,83,20.62,-88.22,67.78,3.78
Ancud,40,CL,2020-01-27 02:28:08,76,-41.87,-73.82,53.6,3.36
Abalak,100,RU,2020-01-27 02:28:09,96,58.13,68.59,19.9,2.82
Sabang,100,ID,2020-01-27 02:28:10,80,5.89,95.32,81.52,15.01
Chicama,40,PE,2020-01-27 02:28:11,88,-7.84,-79.15,71.6,10.29
Sur,4,OM,2020-01-27 02:28:13,53,22.57,59.53,61.5,11.83
Realeza,0,BR,2020-01-27 02:28:14,76,-25.77,-53.53,66.78,2.19
Katsuura,75,JP,2020-01-27 02:28:15,67,35.13,140.3,46.0,8.05
Diffa,0,NE,2020-01-27 02:28:16,27,13.32,12.61,59.0,10.45
Maceio,40,BR,2020-01-27 02:28:17,88,-9.67,-35.74,78.8,3.36
Barabai,29,ID,2020-01-27 02:28:18,56,-2.58,115.38,89.58,2.84
Castelnau-Le-Lez,20,FR,2020-01-27 02:28:19,100,43.63,3.9,39.99,5.01
Vao,100,NC,2020-01-27 02:28:21,81,-22.67,167.48,78.66,14.76
Westport,90,US,2020-01-27 02:23:59,60,41.14,-73.36,43.0,8.05
Ornskoldsvik,100,SE,2020-01-27 02:28:23,100,63.29,18.72,28.4,9.17
Balkanabat,88,TM,2020-01-27 02:28:24,78,39.51,54.37,35.98,6.02
Kruisfontein,32,ZA,2020-01-27 02:28:25,87,-34.0,24.73,54.01,9.1
Areosa,75,PT,2020-01-27 02:28:27,82,41.72,-8.86,59.0,21.92
Lavrentiya,0,RU,2020-01-27 02:28:28,84,65.58,-171.0,-15.61,1.03
Littleton,1,US,2020-01-27 02:24:36,50,39.61,-105.02,44.01,3.62
Airai,50,TL,2020-01-27 02:28:30,60,-8.93,125.41,82.74,5.68
Sijunjung,100,ID,2020-01-27 02:28:31,78,-0.69,100.95,81.32,0.94
Tabas,0,IR,2020-01-27 02:28:32,80,33.6,56.92,33.8,2.24
Ramotswa,0,BW,2020-01-27 02:28:34,93,-24.87,25.87,66.2,6.93
Deputatskiy,100,RU,2020-01-27 02:28:35,80,69.3,139.9,-27.96,2.77
College,100,US,2020-01-27 02:28:36,74,64.86,-147.8,-13.0,2.39
Isangel,60,VU,2020-01-27 02:25:11,66,-19.55,169.27,86.0,8.05
Tukrah,6,LY,2020-01-27 02:28:38,49,32.53,20.58,53.46,14.56
Ostrovnoy,74,RU,2020-01-27 02:28:39,93,68.05,39.51,5.74,13.87
Cattolica,1,IT,2020-01-27 02:28:41,93,43.96,12.74,42.01,1.12
Rorvik,100,NO,2020-01-27 02:27:05,79,64.86,11.24,30.99,8.01
Baoqing,0,CN,2020-01-27 02:28:43,74,46.33,132.21,17.56,1.52
Soyo,99,AO,2020-01-27 02:28:44,83,-6.13,12.37,79.77,4.9
Iralaya,0,HN,2020-01-27 02:28:45,69,15.0,-83.23,78.82,9.69
Camacha,40,PT,2020-01-27 02:28:46,77,33.08,-16.33,60.8,3.36
Flinders,75,AU,2020-01-27 02:28:48,65,-34.58,150.86,86.0,5.82
San Cristobal,40,VE,2020-01-27 02:28:49,83,7.77,-72.22,75.2,4.7
Iqaluit,75,CA,2020-01-27 02:28:50,67,63.75,-68.51,-23.01,3.98
Ilulissat,17,GL,2020-01-27 02:28:51,65,69.22,-51.1,3.2,8.05
Tiksi,0,RU,2020-01-27 02:28:36,63,71.69,128.87,-31.18,2.64
Sao Joao Da Barra,100,BR,2020-01-27 02:28:53,83,-21.64,-41.05,75.56,5.66
Wattens,75,AT,2020-01-27 02:28:55,92,47.27,11.6,34.0,2.24
Sterling,90,US,2020-01-27 02:24:18,60,39.01,-77.43,44.6,4.7
Seydi,64,TM,2020-01-27 02:28:57,57,39.48,62.91,34.36,8.99
Ilebo,86,CD,2020-01-27 02:28:59,60,-4.32,20.58,73.35,0.34
Praya,0,CV,2020-01-27 02:28:41,60,14.92,-23.51,73.4,17.22
Kungurtug,100,RU,2020-01-27 02:29:01,75,50.6,97.52,15.49,2.68
Pershotravneve,0,UA,2020-01-27 02:29:02,91,51.39,28.87,29.84,3.89
Zhangjiakou,100,CN,2020-01-27 02:24:14,69,40.81,114.88,22.48,3.58
Narsaq,77,GL,2020-01-27 02:29:04,66,60.92,-46.05,10.4,4.7
Maningrida,100,AU,2020-01-27 02:29:05,81,-12.07,134.27,85.32,20.2
Hamilton,75,US,2020-01-27 02:29:07,89,39.18,-84.53,37.0,3.36
Abu Samrah,0,SY,2020-01-27 02:29:08,86,35.3,37.18,42.73,8.19
Jieshi,0,CN,2020-01-27 02:29:09,70,22.81,115.83,52.0,3.0
Salalah,0,OM,2020-01-27 02:29:10,20,17.02,54.09,64.4,17.22
Karaton,75,ID,2020-01-27 02:24:32,88,-6.34,106.1,89.01,2.24
Zlobin,90,HR,2020-01-27 02:29:13,93,45.29,14.65,44.01,4.7
Aripuana,100,BR,2020-01-27 02:29:14,92,-9.17,-60.63,75.29,0.69
Marawi,37,PH,2020-01-27 02:29:15,79,8.0,124.29,84.0,5.99
Deep River,90,CA,2020-01-27 02:29:16,98,46.1,-77.5,34.0,4.72
Sikeston,75,US,2020-01-27 02:29:18,93,36.88,-89.59,51.01,3.36
Quelimane,0,MZ,2020-01-27 02:29:19,94,-17.88,36.89,78.8,3.36
Kotar,0,IN,2020-01-27 02:29:20,48,24.72,80.98,60.06,3.06
Shingu,75,JP,2020-01-27 02:29:22,81,33.73,135.98,51.8,3.36
Sept-Iles,90,CA,2020-01-27 02:26:23,86,50.2,-66.38,28.0,13.87
Bonthe,54,SL,2020-01-27 02:29:24,84,7.53,-12.51,75.27,2.24
Usinsk,100,RU,2020-01-27 02:29:25,96,65.99,57.53,-6.38,8.99
Kidal,100,ML,2020-01-27 02:29:26,11,18.44,1.41,66.97,5.55
Limulunga,100,ZM,2020-01-27 02:29:28,89,-15.1,23.14,65.98,3.24
Bad Windsheim,1,DE,2020-01-27 02:29:29,100,49.5,10.42,35.6,4.45
Tomigusuku,40,JP,2020-01-27 02:29:30,73,26.18,127.67,71.6,26.4
La Asuncion,95,VE,2020-01-27 02:29:31,92,11.03,-63.86,68.0,11.41
Husavik,29,IS,2020-01-27 02:29:33,68,66.04,-17.34,30.2,19.46
Mabaruma,100,GY,2020-01-27 02:29:34,99,8.2,-59.78,71.55,2.24
Mishan,0,CN,2020-01-27 02:29:35,71,45.55,131.88,17.58,3.47
Kenora,90,CA,2020-01-27 02:26:02,92,49.82,-94.43,17.6,8.05
Saint-Michel-Des-Saints,100,CA,2020-01-27 02:26:42,9,46.68,-73.92,30.0,3.6
Santa Rosalia,0,MX,2020-01-27 02:29:38,51,27.32,-112.28,63.09,2.39
Sola,86,VU,2020-01-27 02:29:39,75,-13.88,167.55,83.62,11.65
Santa Cruz,20,BO,2020-01-27 02:29:41,78,-17.8,-63.17,82.4,6.93
Tiznit,0,MA,2020-01-27 02:29:42,56,29.58,-9.5,49.03,1.81
Sampit,71,ID,2020-01-27 02:29:43,85,-2.53,112.95,83.07,2.93
Koumac,5,NC,2020-01-27 02:29:44,41,-20.57,164.28,89.31,4.83
Sar-E Pul,0,AF,2020-01-27 02:29:45,44,35.83,66.17,25.5,4.7
Abrau-Dyurso,40,RU,2020-01-27 02:29:46,93,44.69,37.59,41.0,8.95
Grajau,100,BR,2020-01-27 02:29:48,95,-5.82,-46.14,74.66,3.09
Sioux Lookout,90,CA,2020-01-27 02:29:50,92,50.1,-91.92,15.8,5.82
Ayolas,31,PY,2020-01-27 02:29:51,46,-27.4,-56.9,79.79,3.91
Winslow,1,US,2020-01-27 02:29:52,45,35.02,-110.7,46.4,6.93
Bergerac,100,FR,2020-01-27 02:29:53,100,44.83,0.5,44.01,5.82
Nobeoka,100,JP,2020-01-27 02:29:54,99,32.58,131.67,56.97,9.84
Muros,90,ES,2020-01-27 02:29:55,100,42.78,-9.06,55.99,18.34
Pathein,21,MM,2020-01-27 02:29:56,58,16.78,94.73,74.77,14.74
Torbay,90,CA,2020-01-27 02:29:58,62,47.67,-52.73,28.0,5.82
Lakes Entrance,100,AU,2020-01-27 02:30:00,70,-37.88,147.98,80.01,7.0
Esperance,0,AU,2020-01-27 02:30:01,45,-33.87,121.9,84.2,9.17
Katangli,0,RU,2020-01-27 02:30:02,82,51.71,143.23,3.74,11.5
Cozumel,40,MX,2020-01-27 02:30:03,94,20.51,-86.95,77.0,5.14
Ushtobe,100,KZ,2020-01-27 02:30:04,73,45.25,77.98,24.1,4.56
Pafos,90,CY,2020-01-27 02:26:31,81,34.77,32.42,50.0,5.82
Oranjestad,20,AW,2020-01-27 02:30:07,83,12.52,-70.03,80.6,8.05
Wagar,0,SD,2020-01-27 02:30:09,88,16.15,36.2,51.67,7.52
Dwarka,0,IN,2020-01-27 02:30:10,80,22.24,68.97,71.76,10.6
Mehamn,100,NO,2020-01-27 02:30:11,75,71.04,27.85,15.24,7.34
Alihe,0,CN,2020-01-27 02:30:12,77,50.57,123.72,12.36,2.33
Prokudskoye,100,RU,2020-01-27 02:30:13,67,55.01,82.46,17.6,15.66
Pimenta Bueno,100,BR,2020-01-27 02:30:14,94,-11.67,-61.19,74.25,3.83
Gornyak,100,RU,2020-01-27 02:30:16,81,50.99,81.47,17.8,21.65
Buraydah,0,SA,2020-01-27 02:30:17,93,26.33,43.98,35.6,3.94
Toora-Khem,43,RU,2020-01-27 02:30:19,94,52.47,96.11,4.86,1.81
Nchelenge,100,ZM,2020-01-27 02:30:20,95,-9.35,28.73,67.84,2.93
Baruun-Urt,0,MN,2020-01-27 02:30:21,83,46.68,113.28,11.75,6.8
Lovington,1,US,2020-01-27 02:30:22,29,32.94,-103.35,55.99,5.82
Baniachang,0,BD,2020-01-27 02:30:23,55,24.52,91.37,63.18,3.56
Zhanaozen,7,KZ,2020-01-27 02:30:24,85,43.3,52.8,27.93,7.81
Burgeo,100,CA,2020-01-27 02:30:26,93,47.62,-57.62,33.57,22.93
Vengerovo,100,RU,2020-01-27 02:30:27,93,55.68,76.75,24.37,23.89
Puerto Del Rosario,75,ES,2020-01-27 02:30:29,77,28.5,-13.86,62.6,12.75
Bud,40,US,2020-01-27 02:30:30,86,39.45,-86.18,36.0,6.93
Los Llanos De Aridane,75,ES,2020-01-27 02:30:31,67,28.66,-17.92,62.6,6.93
Jaipur,20,IN,2020-01-27 02:27:34,67,26.92,75.82,57.2,6.93
Killam,100,CA,2020-01-27 02:30:34,92,52.78,-111.85,26.01,1.01
Aromashevo,98,RU,2020-01-27 02:30:35,94,56.86,68.64,14.54,12.44
Maraba,20,BR,2020-01-27 02:30:36,100,-5.37,-49.12,80.6,1.41
Kyaka,100,TZ,2020-01-27 02:30:37,80,-1.25,31.42,63.97,2.77
Bikaner,69,IN,2020-01-27 02:30:39,41,28.02,73.3,64.24,6.76
Ambilobe,100,MG,2020-01-27 02:30:40,92,-13.2,49.05,74.79,3.85
Port Blair,0,IN,2020-01-27 02:26:05,63,11.67,92.75,77.5,12.68
Mingshui,98,CN,2020-01-27 02:30:43,65,36.72,117.5,39.0,5.1
Pacific Grove,75,US,2020-01-27 02:30:44,82,36.62,-121.92,57.99,4.7
Molteno,0,ZA,2020-01-27 02:30:45,71,-31.4,26.36,42.22,5.41
Ketchikan,90,US,2020-01-27 02:30:46,93,55.34,-131.65,42.8,16.11
Kushima,75,JP,2020-01-27 02:30:47,87,31.46,131.23,59.0,13.87
Lieksa,100,FI,2020-01-27 02:30:49,91,63.32,30.02,7.99,2.71
Imbituba,0,BR,2020-01-27 02:30:50,88,-28.24,-48.67,77.0,5.82
Aykhal,90,RU,2020-01-27 02:30:52,74,66.0,111.5,-25.6,2.24
Aswan,0,EG,2020-01-27 02:30:53,71,24.09,32.91,47.08,9.53
Fortuna,75,US,2020-01-27 02:30:54,76,40.6,-124.16,53.6,2.08
Auki,100,SB,2020-01-27 02:30:55,76,-8.77,160.7,84.58,11.72
Nadadores,0,MX,2020-01-27 02:30:56,40,27.05,-101.6,67.75,4.34
Komsomolskiy,40,UZ,2020-01-27 02:30:57,86,40.43,71.72,33.8,4.7
Mount Gambier,100,AU,2020-01-27 02:30:59,52,-37.83,140.77,69.8,13.87
Naryan-Mar,100,RU,2020-01-27 02:31:00,98,67.67,53.09,-10.46,8.72
Tema,0,GH,2020-01-27 02:31:01,83,5.67,-0.02,78.8,3.36
Chaozhou,0,CN,2020-01-27 02:31:02,58,23.67,116.64,53.6,11.18
Aksarka,98,RU,2020-01-27 02:31:03,98,66.56,67.8,-9.38,4.9
Manicore,91,BR,2020-01-27 02:31:04,84,-5.81,-61.3,77.2,2.48
Belchatow,100,PL,2020-01-27 02:31:05,92,51.37,19.36,30.99,4.7
Phalombe,67,MW,2020-01-27 02:31:06,90,-15.81,35.65,65.48,3.71
Atar,0,MR,2020-01-27 02:31:08,28,20.52,-13.05,65.19,8.66
Sorong,100,ID,2020-01-27 02:31:09,42,-0.88,131.25,94.75,2.33
Maragogi,100,BR,2020-01-27 02:31:10,80,-9.01,-35.22,81.99,12.44
Moose Factory,90,CA,2020-01-27 02:31:11,92,51.26,-80.61,21.2,12.75
Uddevalla,100,SE,2020-01-27 02:31:12,93,58.35,11.94,41.0,13.87
Nuuk,100,GL,2020-01-27 02:31:13,66,64.18,-51.72,14.0,9.17
Manta,75,EC,2020-01-27 02:31:15,83,-0.95,-80.73,78.8,5.82
Jumla,0,NP,2020-01-27 02:31:16,42,29.27,82.18,29.37,2.44
Maun,14,BW,2020-01-27 02:31:17,55,-19.98,23.42,73.38,2.62
Lang Son,97,VN,2020-01-27 02:31:18,68,21.83,106.73,49.55,6.6
Elko,75,US,2020-01-27 02:31:20,86,41.0,-115.5,37.4,8.05
Kyra,0,RU,2020-01-27 02:31:21,71,49.58,111.98,13.24,2.19
Dauphin,90,CA,2020-01-27 02:31:22,92,51.15,-100.05,17.6,5.82
Morondava,3,MG,2020-01-27 02:31:24,91,-20.28,44.28,74.79,0.96
Sembe,1,CG,2020-01-27 02:31:25,32,1.65,14.58,67.15,1.81
Korla,82,CN,2020-01-27 02:31:26,96,41.76,86.15,28.99,1.99
Anzio,5,IT,2020-01-27 02:31:27,87,41.49,12.62,48.0,4.7
Severo-Yeniseyskiy,23,RU,2020-01-27 02:31:28,93,60.37,93.04,4.35,6.49
Merauke,33,ID,2020-01-27 02:31:30,51,-8.47,140.33,92.41,7.76
Ahipara,10,NZ,2020-01-27 02:31:31,65,-35.17,173.17,87.01,1.99
Krasnoarmeysk,94,RU,2020-01-27 02:31:32,79,51.02,45.7,30.0,8.99
Beidao,62,CN,2020-01-27 02:31:33,62,34.57,105.89,31.64,1.92
Djambala,0,CG,2020-01-27 02:31:34,90,-2.54,14.75,69.69,5.35
Mollendo,100,PE,2020-01-27 02:31:35,87,-17.02,-72.01,70.3,4.45
Vilhena,100,BR,2020-01-27 02:31:37,87,-12.74,-60.15,72.75,2.21
Samarai,78,PG,2020-01-27 02:31:38,55,-10.62,150.67,90.27,4.72
Solok,84,ID,2020-01-27 02:31:39,81,-0.79,100.66,78.48,2.01
Itarema,100,BR,2020-01-27 02:31:40,94,-2.92,-39.92,76.64,4.0
Linares,19,CL,2020-01-27 02:31:41,39,-35.85,-71.6,69.42,3.74
Kupang,40,ID,2020-01-27 02:31:42,83,-10.17,123.58,84.2,6.93
Loyga,89,RU,2020-01-27 02:31:44,95,61.08,44.61,3.49,7.18
Mayumba,90,GA,2020-01-27 02:31:45,75,-3.43,10.66,82.6,5.82
Kavaratti,80,IN,2020-01-27 02:31:46,67,10.57,72.64,80.55,3.71
Lac Du Bonnet,100,CA,2020-01-27 02:31:47,94,50.25,-96.06,14.0,5.01
Dabakala,94,CI,2020-01-27 02:31:48,13,8.37,-4.43,69.96,3.04
Mangrol,0,IN,2020-01-27 02:31:49,76,21.12,70.12,69.85,11.16
Amapa,100,BR,2020-01-27 02:31:50,99,1.0,-52.0,72.39,2.26
Balsas,100,BR,2020-01-27 02:31:52,94,-7.53,-46.04,74.35,6.73
Tripoli,33,LY,2020-01-27 02:31:53,74,32.88,13.19,61.61,2.3
Puerto Madero,75,MX,2020-01-27 02:31:54,88,14.72,-92.42,78.8,2.24
Taseyevo,0,RU,2020-01-27 02:31:55,86,57.22,94.9,6.28,5.1
Avesta,100,SE,2020-01-27 02:31:56,93,60.15,16.17,39.99,6.93
Sibolga,100,ID,2020-01-27 02:31:57,97,1.74,98.78,73.67,0.85
Kozlovka,90,RU,2020-01-27 02:31:59,92,55.84,48.25,21.2,8.95
Liverpool,75,GB,2020-01-27 02:32:00,100,53.41,-2.98,42.8,10.29
Palmas,90,BR,2020-01-27 02:29:45,100,-10.21,-48.36,75.2,2.24
Conakry,33,GN,2020-01-27 02:32:02,68,9.54,-13.68,73.36,3.38
Abashiri,75,JP,2020-01-27 02:29:46,85,44.02,144.27,23.0,8.05
Praia,0,CV,2020-01-27 02:32:05,60,14.92,-23.51,73.4,17.22
Dunmore Town,0,BS,2020-01-27 02:32:06,53,25.5,-76.65,71.64,4.7
Keti Bandar,74,PK,2020-01-27 02:32:07,71,24.14,67.45,69.94,10.94
Dali,0,CN,2020-01-27 02:32:08,38,25.7,100.18,46.76,3.87
Ouadda,53,CF,2020-01-27 02:32:09,21,8.08,22.4,60.31,5.48
Great Yarmouth,96,GB,2020-01-27 02:32:10,87,52.61,1.73,46.4,13.87
Hakodate,20,JP,2020-01-27 02:32:11,51,41.78,140.74,35.6,8.05
Oktyabrskiy,98,RU,2020-01-27 02:32:13,95,54.48,53.47,4.73,6.08
Booue,21,GA,2020-01-27 02:32:14,98,-0.09,11.94,71.64,2.42
San Quintin,52,MX,2020-01-27 02:32:15,55,30.48,-115.95,37.0,3.0
Entre Rios,100,BR,2020-01-27 02:32:16,97,-11.94,-38.08,71.01,2.89
Tupik,54,RU,2020-01-27 02:31:06,87,54.43,119.93,2.35,0.45
Impfondo,0,CG,2020-01-27 02:32:18,31,1.64,18.07,67.66,1.03
Yurga,100,RU,2020-01-27 02:32:19,76,55.72,84.89,13.48,18.68
Namtsy,100,RU,2020-01-27 02:32:21,67,62.72,129.67,-22.0,8.95
Kutum,0,SD,2020-01-27 02:32:57,36,14.2,24.67,41.36,3.47
Guadalupe Victoria,1,MX,2020-01-27 02:32:59,39,32.29,-115.11,68.0,5.82
Saint-Ambroise,90,CA,2020-01-27 02:33:00,92,48.55,-71.33,30.99,2.24
Vila Do Maio,11,CV,2020-01-27 02:33:01,60,15.13,-23.22,73.4,17.22
Meulaboh,91,ID,2020-01-27 02:33:02,82,4.14,96.13,81.61,5.12
Ono,75,JP,2020-01-27 02:33:03,75,34.85,134.93,50.0,26.4
Vaitape,45,PF,2020-01-27 02:33:04,71,-16.52,-151.75,83.64,10.02
Trinidad,81,BO,2020-01-27 02:28:11,84,-14.83,-64.9,79.63,3.65
Periyanayakkanpalaiyam,99,IN,2020-01-27 02:33:07,68,11.15,76.93,68.0,5.59
Penzance,95,GB,2020-01-27 02:33:08,93,50.12,-5.54,48.0,13.87
Kagadi,100,UG,2020-01-27 02:33:09,51,0.96,30.8,69.48,1.61
Moerai,82,PF,2020-01-27 02:33:10,71,-22.43,-151.33,81.68,6.04
Tazovskiy,93,RU,2020-01-27 02:33:11,97,67.47,78.7,-2.42,7.54
Bhakkar,100,PK,2020-01-27 02:33:12,52,31.63,71.07,56.35,2.98
Maltahohe,0,NA,2020-01-27 02:33:14,40,-24.83,16.98,59.05,19.82
Oyem,62,GA,2020-01-27 02:33:15,92,1.6,11.58,70.48,3.89
San Luis,1,AR,2020-01-27 02:33:07,26,-33.3,-66.34,82.11,15.97
Eirunepe,69,BR,2020-01-27 02:33:18,92,-6.66,-69.87,75.51,1.16
Paamiut,100,GL,2020-01-27 02:33:19,67,61.99,-49.67,18.43,21.88
Tyukhtet,70,RU,2020-01-27 02:33:20,83,56.54,89.3,6.67,8.72
Bairiki,75,KI,2020-01-27 02:33:21,74,1.33,172.98,86.0,10.29
Ribeira Grande,100,PT,2020-01-27 02:33:22,89,38.52,-28.7,59.38,18.59
Baykit,100,RU,2020-01-27 02:33:23,97,61.67,96.37,1.89,2.68
Jaisalmer,1,IN,2020-01-27 02:33:24,39,26.91,70.92,65.37,7.65
Bubaque,100,GW,2020-01-27 02:33:26,43,11.28,-15.83,79.81,12.44
Zholymbet,100,KZ,2020-01-27 02:33:27,85,51.74,71.71,25.29,25.81
Mugur-Aksy,0,RU,2020-01-27 02:33:28,69,50.35,90.5,-0.58,5.55
Roma,90,US,2020-01-27 02:33:29,100,43.21,-75.46,36.0,11.7
Saint-Pierre,90,RE,2020-01-27 02:33:30,69,-21.34,55.48,73.4,10.29
Acapulco,20,MX,2020-01-27 02:29:29,74,16.86,-99.89,80.6,8.05
Magistralnyy,100,RU,2020-01-27 02:33:32,89,56.17,107.45,15.85,3.04
Edd,22,ER,2020-01-27 02:33:34,72,13.93,41.69,69.3,2.57
Carmen,5,MX,2020-01-27 02:33:09,83,18.63,-91.83,75.2,1.95
Zabol,82,AF,2020-01-27 02:33:36,97,32.25,67.25,14.59,3.38
